timeStamp,elapsed,label,responseCode,responseMessage,threadName,dataType,success,failureMessage,bytes,sentBytes,grpThreads,allThreads,URL,Latency,IdleTime,Connect
1710948523345,4,hello,200,OK,50 threads 1-1,text,true,,200,137,1,1,http://127.0.0.1:5000/hello?name=Georgiy,4,0,1
1710948523358,3,name,200,OK,50 threads 1-1,text,true,,204,143,1,1,http://127.0.0.1:5000/name?name=Georgiy&age=30,3,0,0
1710948523361,6,create,200,OK,50 threads 1-1,text,true,,210,805,1,1,http://127.0.0.1:5000/create,6,0,1
1710948523367,8,profession,200,OK,50 threads 1-1,text,true,,220,814,1,1,http://127.0.0.1:5000/profession,8,0,1
1710948523375,3,king,200,OK,50 threads 1-1,text,true,,208,156,1,1,http://127.0.0.1:5000/king?name=Georgiy&age=30&salary=10000,3,0,0
1710948523378,2,cool,200,OK,50 threads 1-1,text,true,,214,156,1,1,http://127.0.0.1:5000/cool?name=Georgiy&age=30&salary=10000,2,0,1
1710948523381,4,salary,200,OK,50 threads 1-1,text,true,,189,158,1,1,http://127.0.0.1:5000/salary?name=Georgiy&age=30&salary=10000,4,0,0
1710948523455,16,hello,200,OK,50 threads 1-2,text,true,,200,137,1,1,http://127.0.0.1:5000/hello?name=Georgiy,16,0,1
1710948523471,12,name,200,OK,50 threads 1-2,text,true,,204,143,1,1,http://127.0.0.1:5000/name?name=Georgiy&age=30,12,0,1
1710948523483,10,create,200,OK,50 threads 1-2,text,true,,210,780,1,1,http://127.0.0.1:5000/create,10,0,0
1710948523493,16,profession,200,OK,50 threads 1-2,text,true,,220,809,1,1,http://127.0.0.1:5000/profession,16,0,1
1710948523509,39,king,200,OK,50 threads 1-2,text,true,,208,156,2,2,http://127.0.0.1:5000/king?name=Georgiy&age=30&salary=10000,39,0,1
1710948523546,8,hello,200,OK,50 threads 1-3,text,true,,200,137,2,2,http://127.0.0.1:5000/hello?name=Georgiy,8,0,1
1710948523548,6,cool,200,OK,50 threads 1-2,text,true,,214,156,2,2,http://127.0.0.1:5000/cool?name=Georgiy&age=30&salary=10000,6,0,1
1710948523554,16,name,200,OK,50 threads 1-3,text,true,,204,143,2,2,http://127.0.0.1:5000/name?name=Georgiy&age=30,16,0,1
1710948523554,33,salary,200,OK,50 threads 1-2,text,true,,189,158,2,2,http://127.0.0.1:5000/salary?name=Georgiy&age=30&salary=10000,33,0,1
1710948523570,47,create,200,OK,50 threads 1-3,text,true,,210,775,1,1,http://127.0.0.1:5000/create,47,0,0
1710948523617,4,profession,200,OK,50 threads 1-3,text,true,,220,779,1,1,http://127.0.0.1:5000/profession,4,0,1
1710948523622,3,king,200,OK,50 threads 1-3,text,true,,208,156,1,1,http://127.0.0.1:5000/king?name=Georgiy&age=30&salary=10000,3,0,0
1710948523625,3,cool,200,OK,50 threads 1-3,text,true,,214,156,1,1,http://127.0.0.1:5000/cool?name=Georgiy&age=30&salary=10000,3,0,0
1710948523628,6,salary,200,OK,50 threads 1-3,text,true,,189,158,1,1,http://127.0.0.1:5000/salary?name=Georgiy&age=30&salary=10000,6,0,1
1710948523646,2,hello,200,OK,50 threads 1-4,text,true,,200,137,1,1,http://127.0.0.1:5000/hello?name=Georgiy,2,0,0
1710948523648,2,name,200,OK,50 threads 1-4,text,true,,204,143,1,1,http://127.0.0.1:5000/name?name=Georgiy&age=30,2,0,1
1710948523650,6,create,200,OK,50 threads 1-4,text,true,,210,775,1,1,http://127.0.0.1:5000/create,6,0,1
1710948523656,7,profession,200,OK,50 threads 1-4,text,true,,220,769,1,1,http://127.0.0.1:5000/profession,7,0,1
1710948523663,2,king,200,OK,50 threads 1-4,text,true,,208,156,1,1,http://127.0.0.1:5000/king?name=Georgiy&age=30&salary=10000,2,0,1
1710948523665,5,cool,200,OK,50 threads 1-4,text,true,,214,156,1,1,http://127.0.0.1:5000/cool?name=Georgiy&age=30&salary=10000,5,0,1
1710948523670,6,salary,200,OK,50 threads 1-4,text,true,,189,158,1,1,http://127.0.0.1:5000/salary?name=Georgiy&age=30&salary=10000,6,0,0
1710948523746,68,hello,200,OK,50 threads 1-5,text,true,,200,137,1,1,http://127.0.0.1:5000/hello?name=Georgiy,68,0,1
1710948523814,43,name,200,OK,50 threads 1-5,text,true,,204,143,2,2,http://127.0.0.1:5000/name?name=Georgiy&age=30,43,0,0
1710948523848,12,hello,200,OK,50 threads 1-6,text,true,,200,137,2,2,http://127.0.0.1:5000/hello?name=Georgiy,12,0,1
1710948523858,21,create,200,OK,50 threads 1-5,text,true,,210,795,2,2,http://127.0.0.1:5000/create,21,0,0
1710948523860,32,name,200,OK,50 threads 1-6,text,true,,204,143,2,2,http://127.0.0.1:5000/name?name=Georgiy&age=30,32,0,1
1710948523879,18,profession,200,OK,50 threads 1-5,text,true,,220,809,2,2,http://127.0.0.1:5000/profession,18,0,1
1710948523892,12,create,200,OK,50 threads 1-6,text,true,,210,770,2,2,http://127.0.0.1:5000/create,12,0,1
1710948523897,22,king,200,OK,50 threads 1-5,text,true,,208,156,2,2,http://127.0.0.1:5000/king?name=Georgiy&age=30&salary=10000,22,0,1
1710948523905,24,profession,200,OK,50 threads 1-6,text,true,,220,799,2,2,http://127.0.0.1:5000/profession,24,0,0
1710948523919,13,cool,200,OK,50 threads 1-5,text,true,,214,156,2,2,http://127.0.0.1:5000/cool?name=Georgiy&age=30&salary=10000,13,0,0
1710948523932,5,salary,200,OK,50 threads 1-5,text,true,,189,158,2,2,http://127.0.0.1:5000/salary?name=Georgiy&age=30&salary=10000,5,0,0
1710948523929,9,king,200,OK,50 threads 1-6,text,true,,208,156,1,1,http://127.0.0.1:5000/king?name=Georgiy&age=30&salary=10000,9,0,1
1710948523938,7,cool,200,OK,50 threads 1-6,text,true,,214,156,1,1,http://127.0.0.1:5000/cool?name=Georgiy&age=30&salary=10000,7,0,1
1710948523945,2,salary,200,OK,50 threads 1-6,text,true,,189,158,1,1,http://127.0.0.1:5000/salary?name=Georgiy&age=30&salary=10000,2,0,0
1710948523948,4,hello,200,OK,50 threads 1-7,text,true,,200,137,1,1,http://127.0.0.1:5000/hello?name=Georgiy,4,0,0
1710948523952,4,name,200,OK,50 threads 1-7,text,true,,204,143,1,1,http://127.0.0.1:5000/name?name=Georgiy&age=30,4,0,0
1710948523956,6,create,200,OK,50 threads 1-7,text,true,,210,810,1,1,http://127.0.0.1:5000/create,6,0,0
1710948523963,4,profession,200,OK,50 threads 1-7,text,true,,220,774,1,1,http://127.0.0.1:5000/profession,4,0,0
1710948523967,9,king,200,OK,50 threads 1-7,text,true,,208,156,1,1,http://127.0.0.1:5000/king?name=Georgiy&age=30&salary=10000,9,0,1
1710948523976,5,cool,200,OK,50 threads 1-7,text,true,,214,156,1,1,http://127.0.0.1:5000/cool?name=Georgiy&age=30&salary=10000,5,0,1
1710948523981,5,salary,200,OK,50 threads 1-7,text,true,,189,158,1,1,http://127.0.0.1:5000/salary?name=Georgiy&age=30&salary=10000,4,0,1
1710948524058,57,hello,200,OK,50 threads 1-8,text,true,,200,137,1,1,http://127.0.0.1:5000/hello?name=Georgiy,57,0,1
1710948524115,17,name,200,OK,50 threads 1-8,text,true,,204,143,1,1,http://127.0.0.1:5000/name?name=Georgiy&age=30,17,0,1
1710948524132,64,create,200,OK,50 threads 1-8,text,true,,210,780,2,2,http://127.0.0.1:5000/create,64,0,0
1710948524159,43,hello,200,OK,50 threads 1-9,text,true,,200,137,2,2,http://127.0.0.1:5000/hello?name=Georgiy,43,0,0
1710948524196,15,profession,200,OK,50 threads 1-8,text,true,,220,784,2,2,http://127.0.0.1:5000/profession,15,0,1
1710948524202,32,name,200,OK,50 threads 1-9,text,true,,204,143,2,2,http://127.0.0.1:5000/name?name=Georgiy&age=30,32,0,1
1710948524211,27,king,200,OK,50 threads 1-8,text,true,,208,156,2,2,http://127.0.0.1:5000/king?name=Georgiy&age=30&salary=10000,27,0,0
1710948524235,9,create,200,OK,50 threads 1-9,text,true,,210,765,2,2,http://127.0.0.1:5000/create,9,0,0
1710948524238,13,cool,200,OK,50 threads 1-8,text,true,,214,156,2,2,http://127.0.0.1:5000/cool?name=Georgiy&age=30&salary=10000,13,0,0
1710948524244,13,profession,200,OK,50 threads 1-9,text,true,,220,789,2,2,http://127.0.0.1:5000/profession,13,0,1
1710948524251,8,salary,200,OK,50 threads 1-8,text,true,,189,158,3,3,http://127.0.0.1:5000/salary?name=Georgiy&age=30&salary=10000,8,0,1
1710948524257,10,king,200,OK,50 threads 1-9,text,true,,208,156,2,2,http://127.0.0.1:5000/king?name=Georgiy&age=30&salary=10000,10,0,1
1710948524257,10,hello,200,OK,50 threads 1-10,text,true,,200,137,2,2,http://127.0.0.1:5000/hello?name=Georgiy,10,0,1
1710948524267,4,cool,200,OK,50 threads 1-9,text,true,,214,156,2,2,http://127.0.0.1:5000/cool?name=Georgiy&age=30&salary=10000,4,0,1
1710948524267,11,name,200,OK,50 threads 1-10,text,true,,204,143,2,2,http://127.0.0.1:5000/name?name=Georgiy&age=30,11,0,1
1710948524271,16,salary,200,OK,50 threads 1-9,text,true,,189,158,2,2,http://127.0.0.1:5000/salary?name=Georgiy&age=30&salary=10000,15,0,0
1710948524278,9,create,200,OK,50 threads 1-10,text,true,,210,775,2,2,http://127.0.0.1:5000/create,9,0,1
1710948524287,8,profession,200,OK,50 threads 1-10,text,true,,220,789,1,1,http://127.0.0.1:5000/profession,8,0,1
1710948524295,3,king,200,OK,50 threads 1-10,text,true,,208,156,1,1,http://127.0.0.1:5000/king?name=Georgiy&age=30&salary=10000,3,0,1
1710948524298,3,cool,200,OK,50 threads 1-10,text,true,,214,156,1,1,http://127.0.0.1:5000/cool?name=Georgiy&age=30&salary=10000,3,0,0
1710948524301,3,salary,200,OK,50 threads 1-10,text,true,,189,158,1,1,http://127.0.0.1:5000/salary?name=Georgiy&age=30&salary=10000,3,0,1
1710948524358,5,hello,200,OK,50 threads 1-11,text,true,,200,137,1,1,http://127.0.0.1:5000/hello?name=Georgiy,5,0,1
1710948524363,2,name,200,OK,50 threads 1-11,text,true,,204,143,1,1,http://127.0.0.1:5000/name?name=Georgiy&age=30,2,0,1
1710948524365,6,create,200,OK,50 threads 1-11,text,true,,210,780,1,1,http://127.0.0.1:5000/create,6,0,1
1710948524371,6,profession,200,OK,50 threads 1-11,text,true,,220,809,1,1,http://127.0.0.1:5000/profession,6,0,0
1710948524378,2,king,200,OK,50 threads 1-11,text,true,,208,156,1,1,http://127.0.0.1:5000/king?name=Georgiy&age=30&salary=10000,2,0,0
1710948524380,3,cool,200,OK,50 threads 1-11,text,true,,214,156,1,1,http://127.0.0.1:5000/cool?name=Georgiy&age=30&salary=10000,3,0,0
1710948524383,3,salary,200,OK,50 threads 1-11,text,true,,189,158,1,1,http://127.0.0.1:5000/salary?name=Georgiy&age=30&salary=10000,3,0,1
1710948524459,7,hello,200,OK,50 threads 1-12,text,true,,200,137,1,1,http://127.0.0.1:5000/hello?name=Georgiy,7,0,2
1710948524466,20,name,200,OK,50 threads 1-12,text,true,,204,143,1,1,http://127.0.0.1:5000/name?name=Georgiy&age=30,20,0,1
1710948524487,17,create,200,OK,50 threads 1-12,text,true,,210,790,1,1,http://127.0.0.1:5000/create,17,0,1
1710948524504,6,profession,200,OK,50 threads 1-12,text,true,,220,804,1,1,http://127.0.0.1:5000/profession,5,0,1
1710948524510,6,king,200,OK,50 threads 1-12,text,true,,208,156,1,1,http://127.0.0.1:5000/king?name=Georgiy&age=30&salary=10000,6,0,0
1710948524516,3,cool,200,OK,50 threads 1-12,text,true,,214,156,1,1,http://127.0.0.1:5000/cool?name=Georgiy&age=30&salary=10000,3,0,0
1710948524519,4,salary,200,OK,50 threads 1-12,text,true,,189,158,1,1,http://127.0.0.1:5000/salary?name=Georgiy&age=30&salary=10000,4,0,1
1710948524559,2,hello,200,OK,50 threads 1-13,text,true,,200,137,1,1,http://127.0.0.1:5000/hello?name=Georgiy,2,0,1
1710948524561,2,name,200,OK,50 threads 1-13,text,true,,204,143,1,1,http://127.0.0.1:5000/name?name=Georgiy&age=30,2,0,1
1710948524563,16,create,200,OK,50 threads 1-13,text,true,,210,800,1,1,http://127.0.0.1:5000/create,16,0,1
1710948524579,9,profession,200,OK,50 threads 1-13,text,true,,220,774,1,1,http://127.0.0.1:5000/profession,9,0,1
1710948524588,6,king,200,OK,50 threads 1-13,text,true,,208,156,1,1,http://127.0.0.1:5000/king?name=Georgiy&age=30&salary=10000,6,0,1
1710948524594,2,cool,200,OK,50 threads 1-13,text,true,,214,156,1,1,http://127.0.0.1:5000/cool?name=Georgiy&age=30&salary=10000,2,0,1
1710948524596,4,salary,200,OK,50 threads 1-13,text,true,,189,158,1,1,http://127.0.0.1:5000/salary?name=Georgiy&age=30&salary=10000,4,0,1
1710948524658,4,hello,200,OK,50 threads 1-14,text,true,,200,137,1,1,http://127.0.0.1:5000/hello?name=Georgiy,3,0,1
1710948524662,6,name,200,OK,50 threads 1-14,text,true,,204,143,1,1,http://127.0.0.1:5000/name?name=Georgiy&age=30,6,0,0
1710948524668,10,create,200,OK,50 threads 1-14,text,true,,210,785,1,1,http://127.0.0.1:5000/create,10,0,1
1710948524678,5,profession,200,OK,50 threads 1-14,text,true,,220,764,1,1,http://127.0.0.1:5000/profession,5,0,0
1710948524684,3,king,200,OK,50 threads 1-14,text,true,,208,156,1,1,http://127.0.0.1:5000/king?name=Georgiy&age=30&salary=10000,3,0,0
1710948524687,4,cool,200,OK,50 threads 1-14,text,true,,214,156,1,1,http://127.0.0.1:5000/cool?name=Georgiy&age=30&salary=10000,4,0,0
1710948524691,5,salary,200,OK,50 threads 1-14,text,true,,189,158,1,1,http://127.0.0.1:5000/salary?name=Georgiy&age=30&salary=10000,5,0,1
1710948524757,7,hello,200,OK,50 threads 1-15,text,true,,200,137,1,1,http://127.0.0.1:5000/hello?name=Georgiy,7,0,1
1710948524764,2,name,200,OK,50 threads 1-15,text,true,,204,143,1,1,http://127.0.0.1:5000/name?name=Georgiy&age=30,2,0,1
1710948524766,8,create,200,OK,50 threads 1-15,text,true,,210,795,1,1,http://127.0.0.1:5000/create,8,0,1
1710948524775,4,profession,200,OK,50 threads 1-15,text,true,,220,784,1,1,http://127.0.0.1:5000/profession,4,0,0
1710948524779,4,king,200,OK,50 threads 1-15,text,true,,208,156,1,1,http://127.0.0.1:5000/king?name=Georgiy&age=30&salary=10000,4,0,1
1710948524784,7,cool,200,OK,50 threads 1-15,text,true,,214,156,1,1,http://127.0.0.1:5000/cool?name=Georgiy&age=30&salary=10000,7,0,0
1710948524791,6,salary,200,OK,50 threads 1-15,text,true,,189,158,1,1,http://127.0.0.1:5000/salary?name=Georgiy&age=30&salary=10000,6,0,1
1710948524857,2,hello,200,OK,50 threads 1-16,text,true,,200,137,1,1,http://127.0.0.1:5000/hello?name=Georgiy,2,0,1
1710948524859,5,name,200,OK,50 threads 1-16,text,true,,204,143,1,1,http://127.0.0.1:5000/name?name=Georgiy&age=30,5,0,1
1710948524864,6,create,200,OK,50 threads 1-16,text,true,,210,780,1,1,http://127.0.0.1:5000/create,6,0,1
1710948524871,7,profession,200,OK,50 threads 1-16,text,true,,220,769,1,1,http://127.0.0.1:5000/profession,7,0,0
1710948524878,5,king,200,OK,50 threads 1-16,text,true,,208,156,1,1,http://127.0.0.1:5000/king?name=Georgiy&age=30&salary=10000,5,0,0
1710948524883,4,cool,200,OK,50 threads 1-16,text,true,,214,156,1,1,http://127.0.0.1:5000/cool?name=Georgiy&age=30&salary=10000,4,0,1
1710948524887,14,salary,200,OK,50 threads 1-16,text,true,,189,158,1,1,http://127.0.0.1:5000/salary?name=Georgiy&age=30&salary=10000,14,0,1
1710948524957,4,hello,200,OK,50 threads 1-17,text,true,,200,137,1,1,http://127.0.0.1:5000/hello?name=Georgiy,4,0,1
1710948524961,2,name,200,OK,50 threads 1-17,text,true,,204,143,1,1,http://127.0.0.1:5000/name?name=Georgiy&age=30,2,0,0
1710948524963,10,create,200,OK,50 threads 1-17,text,true,,210,760,1,1,http://127.0.0.1:5000/create,9,0,1
1710948524973,8,profession,200,OK,50 threads 1-17,text,true,,220,799,1,1,http://127.0.0.1:5000/profession,8,0,0
1710948524981,2,king,200,OK,50 threads 1-17,text,true,,208,156,1,1,http://127.0.0.1:5000/king?name=Georgiy&age=30&salary=10000,2,0,0
1710948524983,93,cool,200,OK,50 threads 1-17,text,true,,214,156,2,2,http://127.0.0.1:5000/cool?name=Georgiy&age=30&salary=10000,93,0,0
1710948525057,95,hello,200,OK,50 threads 1-18,text,true,,200,137,2,2,http://127.0.0.1:5000/hello?name=Georgiy,95,0,1
1710948525076,104,salary,200,OK,50 threads 1-17,text,true,,189,158,3,3,http://127.0.0.1:5000/salary?name=Georgiy&age=30&salary=10000,104,0,1
1710948525152,86,name,200,OK,50 threads 1-18,text,true,,204,143,2,2,http://127.0.0.1:5000/name?name=Georgiy&age=30,86,0,0
1710948525158,87,hello,200,OK,50 threads 1-19,text,true,,200,137,2,2,http://127.0.0.1:5000/hello?name=Georgiy,87,0,0
1710948525238,11,create,200,OK,50 threads 1-18,text,true,,210,765,2,2,http://127.0.0.1:5000/create,11,0,1
1710948525245,7,name,200,OK,50 threads 1-19,text,true,,204,143,2,2,http://127.0.0.1:5000/name?name=Georgiy&age=30,7,0,1
1710948525250,7,profession,200,OK,50 threads 1-18,text,true,,220,784,2,2,http://127.0.0.1:5000/profession,7,0,0
1710948525253,9,create,200,OK,50 threads 1-19,text,true,,210,805,3,3,http://127.0.0.1:5000/create,9,0,0
1710948525257,9,king,200,OK,50 threads 1-18,text,true,,208,156,3,3,http://127.0.0.1:5000/king?name=Georgiy&age=30&salary=10000,9,0,1
1710948525258,10,hello,200,OK,50 threads 1-20,text,true,,200,137,3,3,http://127.0.0.1:5000/hello?name=Georgiy,10,0,0
1710948525262,14,profession,200,OK,50 threads 1-19,text,true,,220,804,3,3,http://127.0.0.1:5000/profession,14,0,1
1710948525266,15,cool,200,OK,50 threads 1-18,text,true,,214,156,3,3,http://127.0.0.1:5000/cool?name=Georgiy&age=30&salary=10000,15,0,0
1710948525268,15,name,200,OK,50 threads 1-20,text,true,,204,143,3,3,http://127.0.0.1:5000/name?name=Georgiy&age=30,15,0,1
1710948525276,14,king,200,OK,50 threads 1-19,text,true,,208,156,3,3,http://127.0.0.1:5000/king?name=Georgiy&age=30&salary=10000,14,0,1
1710948525281,12,salary,200,OK,50 threads 1-18,text,true,,189,158,3,3,http://127.0.0.1:5000/salary?name=Georgiy&age=30&salary=10000,12,0,1
1710948525283,23,create,200,OK,50 threads 1-20,text,true,,210,785,2,2,http://127.0.0.1:5000/create,23,0,1
1710948525290,20,cool,200,OK,50 threads 1-19,text,true,,214,156,2,2,http://127.0.0.1:5000/cool?name=Georgiy&age=30&salary=10000,20,0,1
1710948525310,6,salary,200,OK,50 threads 1-19,text,true,,189,158,2,2,http://127.0.0.1:5000/salary?name=Georgiy&age=30&salary=10000,6,0,1
1710948525306,10,profession,200,OK,50 threads 1-20,text,true,,220,789,1,1,http://127.0.0.1:5000/profession,10,0,1
1710948525316,6,king,200,OK,50 threads 1-20,text,true,,208,156,1,1,http://127.0.0.1:5000/king?name=Georgiy&age=30&salary=10000,6,0,1
1710948525322,2,cool,200,OK,50 threads 1-20,text,true,,214,156,1,1,http://127.0.0.1:5000/cool?name=Georgiy&age=30&salary=10000,2,0,1
1710948525324,5,salary,200,OK,50 threads 1-20,text,true,,189,158,1,1,http://127.0.0.1:5000/salary?name=Georgiy&age=30&salary=10000,5,0,1
1710948525358,3,hello,200,OK,50 threads 1-21,text,true,,200,137,1,1,http://127.0.0.1:5000/hello?name=Georgiy,3,0,0
1710948525361,5,name,200,OK,50 threads 1-21,text,true,,204,143,1,1,http://127.0.0.1:5000/name?name=Georgiy&age=30,5,0,1
1710948525366,9,create,200,OK,50 threads 1-21,text,true,,210,805,1,1,http://127.0.0.1:5000/create,9,0,1
1710948525375,5,profession,200,OK,50 threads 1-21,text,true,,220,764,1,1,http://127.0.0.1:5000/profession,5,0,1
1710948525380,5,king,200,OK,50 threads 1-21,text,true,,208,156,1,1,http://127.0.0.1:5000/king?name=Georgiy&age=30&salary=10000,5,0,1
1710948525385,6,cool,200,OK,50 threads 1-21,text,true,,214,156,1,1,http://127.0.0.1:5000/cool?name=Georgiy&age=30&salary=10000,6,0,0
1710948525391,4,salary,200,OK,50 threads 1-21,text,true,,189,158,1,1,http://127.0.0.1:5000/salary?name=Georgiy&age=30&salary=10000,4,0,0
1710948525457,3,hello,200,OK,50 threads 1-22,text,true,,200,137,1,1,http://127.0.0.1:5000/hello?name=Georgiy,3,0,1
1710948525460,2,name,200,OK,50 threads 1-22,text,true,,204,143,1,1,http://127.0.0.1:5000/name?name=Georgiy&age=30,2,0,1
1710948525462,12,create,200,OK,50 threads 1-22,text,true,,210,810,1,1,http://127.0.0.1:5000/create,12,0,1
1710948525474,5,profession,200,OK,50 threads 1-22,text,true,,220,799,1,1,http://127.0.0.1:5000/profession,5,0,1
1710948525479,3,king,200,OK,50 threads 1-22,text,true,,208,156,1,1,http://127.0.0.1:5000/king?name=Georgiy&age=30&salary=10000,3,0,1
1710948525482,4,cool,200,OK,50 threads 1-22,text,true,,214,156,1,1,http://127.0.0.1:5000/cool?name=Georgiy&age=30&salary=10000,4,0,1
1710948525486,3,salary,200,OK,50 threads 1-22,text,true,,189,158,1,1,http://127.0.0.1:5000/salary?name=Georgiy&age=30&salary=10000,3,0,0
1710948525556,4,hello,200,OK,50 threads 1-23,text,true,,200,137,1,1,http://127.0.0.1:5000/hello?name=Georgiy,3,0,0
1710948525560,3,name,200,OK,50 threads 1-23,text,true,,204,143,1,1,http://127.0.0.1:5000/name?name=Georgiy&age=30,3,0,0
1710948525563,5,create,200,OK,50 threads 1-23,text,true,,210,770,1,1,http://127.0.0.1:5000/create,5,0,1
1710948525568,5,profession,200,OK,50 threads 1-23,text,true,,220,794,1,1,http://127.0.0.1:5000/profession,5,0,1
1710948525573,3,king,200,OK,50 threads 1-23,text,true,,208,156,1,1,http://127.0.0.1:5000/king?name=Georgiy&age=30&salary=10000,3,0,1
1710948525577,2,cool,200,OK,50 threads 1-23,text,true,,214,156,1,1,http://127.0.0.1:5000/cool?name=Georgiy&age=30&salary=10000,2,0,0
1710948525580,2,salary,200,OK,50 threads 1-23,text,true,,189,158,1,1,http://127.0.0.1:5000/salary?name=Georgiy&age=30&salary=10000,2,0,0
1710948525657,6,hello,200,OK,50 threads 1-24,text,true,,200,137,1,1,http://127.0.0.1:5000/hello?name=Georgiy,5,0,2
1710948525663,12,name,200,OK,50 threads 1-24,text,true,,204,143,1,1,http://127.0.0.1:5000/name?name=Georgiy&age=30,12,0,1
1710948525676,15,create,200,OK,50 threads 1-24,text,true,,210,810,1,1,http://127.0.0.1:5000/create,14,0,1
1710948525691,10,profession,200,OK,50 threads 1-24,text,true,,220,764,1,1,http://127.0.0.1:5000/profession,9,0,1
1710948525701,18,king,200,OK,50 threads 1-24,text,true,,208,156,1,1,http://127.0.0.1:5000/king?name=Georgiy&age=30&salary=10000,18,0,0
1710948525719,4,cool,200,OK,50 threads 1-24,text,true,,214,156,1,1,http://127.0.0.1:5000/cool?name=Georgiy&age=30&salary=10000,4,0,1
1710948525723,8,salary,200,OK,50 threads 1-24,text,true,,189,158,1,1,http://127.0.0.1:5000/salary?name=Georgiy&age=30&salary=10000,8,0,1
1710948525756,3,hello,200,OK,50 threads 1-25,text,true,,200,137,1,1,http://127.0.0.1:5000/hello?name=Georgiy,3,0,1
1710948525759,2,name,200,OK,50 threads 1-25,text,true,,204,143,1,1,http://127.0.0.1:5000/name?name=Georgiy&age=30,2,0,0
1710948525761,7,create,200,OK,50 threads 1-25,text,true,,210,765,1,1,http://127.0.0.1:5000/create,7,0,1
1710948525768,10,profession,200,OK,50 threads 1-25,text,true,,220,779,1,1,http://127.0.0.1:5000/profession,10,0,0
1710948525779,3,king,200,OK,50 threads 1-25,text,true,,208,156,1,1,http://127.0.0.1:5000/king?name=Georgiy&age=30&salary=10000,3,0,0
1710948525782,5,cool,200,OK,50 threads 1-25,text,true,,214,156,1,1,http://127.0.0.1:5000/cool?name=Georgiy&age=30&salary=10000,5,0,1
1710948525787,5,salary,200,OK,50 threads 1-25,text,true,,189,158,1,1,http://127.0.0.1:5000/salary?name=Georgiy&age=30&salary=10000,5,0,1
1710948525856,7,hello,200,OK,50 threads 1-26,text,true,,200,137,1,1,http://127.0.0.1:5000/hello?name=Georgiy,7,0,0
1710948525863,6,name,200,OK,50 threads 1-26,text,true,,204,143,1,1,http://127.0.0.1:5000/name?name=Georgiy&age=30,6,0,1
1710948525869,7,create,200,OK,50 threads 1-26,text,true,,210,795,1,1,http://127.0.0.1:5000/create,7,0,0
1710948525876,7,profession,200,OK,50 threads 1-26,text,true,,220,769,1,1,http://127.0.0.1:5000/profession,7,0,0
1710948525883,16,king,200,OK,50 threads 1-26,text,true,,208,156,1,1,http://127.0.0.1:5000/king?name=Georgiy&age=30&salary=10000,15,0,1
1710948525899,3,cool,200,OK,50 threads 1-26,text,true,,214,156,1,1,http://127.0.0.1:5000/cool?name=Georgiy&age=30&salary=10000,3,0,0
1710948525902,12,salary,200,OK,50 threads 1-26,text,true,,189,158,1,1,http://127.0.0.1:5000/salary?name=Georgiy&age=30&salary=10000,12,0,1
1710948525955,4,hello,200,OK,50 threads 1-27,text,true,,200,137,1,1,http://127.0.0.1:5000/hello?name=Georgiy,4,0,1
1710948525959,5,name,200,OK,50 threads 1-27,text,true,,204,143,1,1,http://127.0.0.1:5000/name?name=Georgiy&age=30,5,0,0
1710948525964,6,create,200,OK,50 threads 1-27,text,true,,210,775,1,1,http://127.0.0.1:5000/create,6,0,1
1710948525970,5,profession,200,OK,50 threads 1-27,text,true,,220,814,1,1,http://127.0.0.1:5000/profession,5,0,0
1710948525975,2,king,200,OK,50 threads 1-27,text,true,,208,156,1,1,http://127.0.0.1:5000/king?name=Georgiy&age=30&salary=10000,2,0,1
1710948525977,4,cool,200,OK,50 threads 1-27,text,true,,214,156,1,1,http://127.0.0.1:5000/cool?name=Georgiy&age=30&salary=10000,4,0,1
1710948525981,4,salary,200,OK,50 threads 1-27,text,true,,189,158,1,1,http://127.0.0.1:5000/salary?name=Georgiy&age=30&salary=10000,4,0,0
1710948526055,2,hello,200,OK,50 threads 1-28,text,true,,200,137,1,1,http://127.0.0.1:5000/hello?name=Georgiy,2,0,1
1710948526058,5,name,200,OK,50 threads 1-28,text,true,,204,143,1,1,http://127.0.0.1:5000/name?name=Georgiy&age=30,5,0,0
1710948526063,6,create,200,OK,50 threads 1-28,text,true,,210,770,1,1,http://127.0.0.1:5000/create,6,0,0
1710948526070,9,profession,200,OK,50 threads 1-28,text,true,,220,814,1,1,http://127.0.0.1:5000/profession,9,0,0
1710948526079,22,king,200,OK,50 threads 1-28,text,true,,208,156,1,1,http://127.0.0.1:5000/king?name=Georgiy&age=30&salary=10000,22,0,1
1710948526101,4,cool,200,OK,50 threads 1-28,text,true,,214,156,1,1,http://127.0.0.1:5000/cool?name=Georgiy&age=30&salary=10000,4,0,0
1710948526105,5,salary,200,OK,50 threads 1-28,text,true,,189,158,1,1,http://127.0.0.1:5000/salary?name=Georgiy&age=30&salary=10000,5,0,0
1710948526155,3,hello,200,OK,50 threads 1-29,text,true,,200,137,1,1,http://127.0.0.1:5000/hello?name=Georgiy,2,0,1
1710948526158,6,name,200,OK,50 threads 1-29,text,true,,204,143,1,1,http://127.0.0.1:5000/name?name=Georgiy&age=30,6,0,0
1710948526164,6,create,200,OK,50 threads 1-29,text,true,,210,790,1,1,http://127.0.0.1:5000/create,6,0,0
1710948526170,6,profession,200,OK,50 threads 1-29,text,true,,220,794,1,1,http://127.0.0.1:5000/profession,6,0,1
1710948526176,6,king,200,OK,50 threads 1-29,text,true,,208,156,1,1,http://127.0.0.1:5000/king?name=Georgiy&age=30&salary=10000,6,0,1
1710948526182,3,cool,200,OK,50 threads 1-29,text,true,,214,156,1,1,http://127.0.0.1:5000/cool?name=Georgiy&age=30&salary=10000,3,0,1
1710948526185,6,salary,200,OK,50 threads 1-29,text,true,,189,158,1,1,http://127.0.0.1:5000/salary?name=Georgiy&age=30&salary=10000,6,0,0
1710948526254,66,hello,200,OK,50 threads 1-30,text,true,,200,137,1,1,http://127.0.0.1:5000/hello?name=Georgiy,66,0,1
1710948526320,51,name,200,OK,50 threads 1-30,text,true,,204,143,2,2,http://127.0.0.1:5000/name?name=Georgiy&age=30,51,0,0
1710948526354,19,hello,200,OK,50 threads 1-31,text,true,,200,137,2,2,http://127.0.0.1:5000/hello?name=Georgiy,19,0,1
1710948526371,8,create,200,OK,50 threads 1-30,text,true,,210,775,2,2,http://127.0.0.1:5000/create,8,0,1
1710948526374,23,name,200,OK,50 threads 1-31,text,true,,204,143,2,2,http://127.0.0.1:5000/name?name=Georgiy&age=30,23,0,0
1710948526380,35,profession,200,OK,50 threads 1-30,text,true,,220,804,2,2,http://127.0.0.1:5000/profession,35,0,0
1710948526415,11,king,200,OK,50 threads 1-30,text,true,,208,156,2,2,http://127.0.0.1:5000/king?name=Georgiy&age=30&salary=10000,11,0,1
1710948526397,29,create,200,OK,50 threads 1-31,text,true,,210,785,2,2,http://127.0.0.1:5000/create,29,0,1
1710948526426,6,cool,200,OK,50 threads 1-30,text,true,,214,156,2,2,http://127.0.0.1:5000/cool?name=Georgiy&age=30&salary=10000,6,0,0
1710948526426,10,profession,200,OK,50 threads 1-31,text,true,,220,794,2,2,http://127.0.0.1:5000/profession,10,0,1
1710948526432,6,salary,200,OK,50 threads 1-30,text,true,,189,158,2,2,http://127.0.0.1:5000/salary?name=Georgiy&age=30&salary=10000,6,0,1
1710948526436,8,king,200,OK,50 threads 1-31,text,true,,208,156,1,1,http://127.0.0.1:5000/king?name=Georgiy&age=30&salary=10000,8,0,1
1710948526444,6,cool,200,OK,50 threads 1-31,text,true,,214,156,1,1,http://127.0.0.1:5000/cool?name=Georgiy&age=30&salary=10000,6,0,1
1710948526450,4,salary,200,OK,50 threads 1-31,text,true,,189,158,1,1,http://127.0.0.1:5000/salary?name=Georgiy&age=30&salary=10000,4,0,1
1710948526468,2,hello,200,OK,50 threads 1-32,text,true,,200,137,1,1,http://127.0.0.1:5000/hello?name=Georgiy,2,0,1
1710948526470,8,name,200,OK,50 threads 1-32,text,true,,204,143,1,1,http://127.0.0.1:5000/name?name=Georgiy&age=30,8,0,1
1710948526478,4,create,200,OK,50 threads 1-32,text,true,,210,785,1,1,http://127.0.0.1:5000/create,4,0,0
1710948526482,11,profession,200,OK,50 threads 1-32,text,true,,220,809,1,1,http://127.0.0.1:5000/profession,11,0,1
1710948526493,4,king,200,OK,50 threads 1-32,text,true,,208,156,1,1,http://127.0.0.1:5000/king?name=Georgiy&age=30&salary=10000,4,0,1
1710948526497,6,cool,200,OK,50 threads 1-32,text,true,,214,156,1,1,http://127.0.0.1:5000/cool?name=Georgiy&age=30&salary=10000,6,0,1
1710948526503,3,salary,200,OK,50 threads 1-32,text,true,,189,158,1,1,http://127.0.0.1:5000/salary?name=Georgiy&age=30&salary=10000,3,0,1
1710948526561,2,hello,200,OK,50 threads 1-33,text,true,,200,137,1,1,http://127.0.0.1:5000/hello?name=Georgiy,2,0,0
1710948526563,6,name,200,OK,50 threads 1-33,text,true,,204,143,1,1,http://127.0.0.1:5000/name?name=Georgiy&age=30,6,0,1
1710948526569,6,create,200,OK,50 threads 1-33,text,true,,210,805,1,1,http://127.0.0.1:5000/create,6,0,0
1710948526575,6,profession,200,OK,50 threads 1-33,text,true,,220,794,1,1,http://127.0.0.1:5000/profession,6,0,1
1710948526581,7,king,200,OK,50 threads 1-33,text,true,,208,156,1,1,http://127.0.0.1:5000/king?name=Georgiy&age=30&salary=10000,7,0,1
1710948526588,6,cool,200,OK,50 threads 1-33,text,true,,214,156,1,1,http://127.0.0.1:5000/cool?name=Georgiy&age=30&salary=10000,6,0,1
1710948526594,2,salary,200,OK,50 threads 1-33,text,true,,189,158,1,1,http://127.0.0.1:5000/salary?name=Georgiy&age=30&salary=10000,2,0,1
1710948526666,3,hello,200,OK,50 threads 1-34,text,true,,200,137,1,1,http://127.0.0.1:5000/hello?name=Georgiy,3,0,1
1710948526669,7,name,200,OK,50 threads 1-34,text,true,,204,143,1,1,http://127.0.0.1:5000/name?name=Georgiy&age=30,7,0,0
1710948526676,6,create,200,OK,50 threads 1-34,text,true,,210,785,1,1,http://127.0.0.1:5000/create,6,0,0
1710948526682,4,profession,200,OK,50 threads 1-34,text,true,,220,779,1,1,http://127.0.0.1:5000/profession,4,0,1
1710948526686,4,king,200,OK,50 threads 1-34,text,true,,208,156,1,1,http://127.0.0.1:5000/king?name=Georgiy&age=30&salary=10000,4,0,1
1710948526690,2,cool,200,OK,50 threads 1-34,text,true,,214,156,1,1,http://127.0.0.1:5000/cool?name=Georgiy&age=30&salary=10000,2,0,0
1710948526692,4,salary,200,OK,50 threads 1-34,text,true,,189,158,1,1,http://127.0.0.1:5000/salary?name=Georgiy&age=30&salary=10000,4,0,0
1710948526758,3,hello,200,OK,50 threads 1-35,text,true,,200,137,1,1,http://127.0.0.1:5000/hello?name=Georgiy,3,0,1
1710948526761,3,name,200,OK,50 threads 1-35,text,true,,204,143,1,1,http://127.0.0.1:5000/name?name=Georgiy&age=30,3,0,1
1710948526764,11,create,200,OK,50 threads 1-35,text,true,,210,780,1,1,http://127.0.0.1:5000/create,11,0,1
1710948526775,4,profession,200,OK,50 threads 1-35,text,true,,220,799,1,1,http://127.0.0.1:5000/profession,4,0,1
1710948526779,3,king,200,OK,50 threads 1-35,text,true,,208,156,1,1,http://127.0.0.1:5000/king?name=Georgiy&age=30&salary=10000,3,0,1
1710948526783,2,cool,200,OK,50 threads 1-35,text,true,,214,156,1,1,http://127.0.0.1:5000/cool?name=Georgiy&age=30&salary=10000,2,0,0
1710948526785,5,salary,200,OK,50 threads 1-35,text,true,,189,158,1,1,http://127.0.0.1:5000/salary?name=Georgiy&age=30&salary=10000,5,0,1
1710948526865,43,hello,200,OK,50 threads 1-36,text,true,,200,137,1,1,http://127.0.0.1:5000/hello?name=Georgiy,43,0,0
1710948526908,3,name,200,OK,50 threads 1-36,text,true,,204,143,1,1,http://127.0.0.1:5000/name?name=Georgiy&age=30,3,0,1
1710948526911,22,create,200,OK,50 threads 1-36,text,true,,210,795,1,1,http://127.0.0.1:5000/create,22,0,1
1710948526934,4,profession,200,OK,50 threads 1-36,text,true,,220,779,1,1,http://127.0.0.1:5000/profession,4,0,0
1710948526938,4,king,200,OK,50 threads 1-36,text,true,,208,156,1,1,http://127.0.0.1:5000/king?name=Georgiy&age=30&salary=10000,4,0,1
1710948526942,4,cool,200,OK,50 threads 1-36,text,true,,214,156,1,1,http://127.0.0.1:5000/cool?name=Georgiy&age=30&salary=10000,4,0,1
1710948526946,5,salary,200,OK,50 threads 1-36,text,true,,189,158,1,1,http://127.0.0.1:5000/salary?name=Georgiy&age=30&salary=10000,5,0,1
1710948526952,4,hello,200,OK,50 threads 1-37,text,true,,200,137,1,1,http://127.0.0.1:5000/hello?name=Georgiy,4,0,1
1710948526956,6,name,200,OK,50 threads 1-37,text,true,,204,143,1,1,http://127.0.0.1:5000/name?name=Georgiy&age=30,6,0,1
1710948526962,7,create,200,OK,50 threads 1-37,text,true,,210,785,1,1,http://127.0.0.1:5000/create,6,0,1
1710948526969,6,profession,200,OK,50 threads 1-37,text,true,,220,794,1,1,http://127.0.0.1:5000/profession,6,0,0
1710948526975,3,king,200,OK,50 threads 1-37,text,true,,208,156,1,1,http://127.0.0.1:5000/king?name=Georgiy&age=30&salary=10000,3,0,1
1710948526979,4,cool,200,OK,50 threads 1-37,text,true,,214,156,1,1,http://127.0.0.1:5000/cool?name=Georgiy&age=30&salary=10000,4,0,0
1710948526983,4,salary,200,OK,50 threads 1-37,text,true,,189,158,1,1,http://127.0.0.1:5000/salary?name=Georgiy&age=30&salary=10000,4,0,0
1710948527052,3,hello,200,OK,50 threads 1-38,text,true,,200,137,1,1,http://127.0.0.1:5000/hello?name=Georgiy,3,0,0
1710948527055,2,name,200,OK,50 threads 1-38,text,true,,204,143,1,1,http://127.0.0.1:5000/name?name=Georgiy&age=30,2,0,1
1710948527057,11,create,200,OK,50 threads 1-38,text,true,,210,765,1,1,http://127.0.0.1:5000/create,11,0,1
1710948527068,11,profession,200,OK,50 threads 1-38,text,true,,220,779,1,1,http://127.0.0.1:5000/profession,11,0,1
1710948527079,10,king,200,OK,50 threads 1-38,text,true,,208,156,1,1,http://127.0.0.1:5000/king?name=Georgiy&age=30&salary=10000,10,0,1
1710948527089,10,cool,200,OK,50 threads 1-38,text,true,,214,156,1,1,http://127.0.0.1:5000/cool?name=Georgiy&age=30&salary=10000,10,0,1
1710948527099,4,salary,200,OK,50 threads 1-38,text,true,,189,158,1,1,http://127.0.0.1:5000/salary?name=Georgiy&age=30&salary=10000,4,0,1
1710948527152,3,hello,200,OK,50 threads 1-39,text,true,,200,137,1,1,http://127.0.0.1:5000/hello?name=Georgiy,3,0,1
1710948527155,5,name,200,OK,50 threads 1-39,text,true,,204,143,1,1,http://127.0.0.1:5000/name?name=Georgiy&age=30,5,0,1
1710948527160,6,create,200,OK,50 threads 1-39,text,true,,210,795,1,1,http://127.0.0.1:5000/create,6,0,1
1710948527167,5,profession,200,OK,50 threads 1-39,text,true,,220,764,1,1,http://127.0.0.1:5000/profession,5,0,0
1710948527172,3,king,200,OK,50 threads 1-39,text,true,,208,156,1,1,http://127.0.0.1:5000/king?name=Georgiy&age=30&salary=10000,3,0,0
1710948527175,4,cool,200,OK,50 threads 1-39,text,true,,214,156,1,1,http://127.0.0.1:5000/cool?name=Georgiy&age=30&salary=10000,3,0,1
1710948527179,4,salary,200,OK,50 threads 1-39,text,true,,189,158,1,1,http://127.0.0.1:5000/salary?name=Georgiy&age=30&salary=10000,4,0,0
1710948527252,6,hello,200,OK,50 threads 1-40,text,true,,200,137,1,1,http://127.0.0.1:5000/hello?name=Georgiy,6,0,1
1710948527258,6,name,200,OK,50 threads 1-40,text,true,,204,143,1,1,http://127.0.0.1:5000/name?name=Georgiy&age=30,6,0,1
1710948527264,4,create,200,OK,50 threads 1-40,text,true,,210,795,1,1,http://127.0.0.1:5000/create,4,0,1
1710948527268,8,profession,200,OK,50 threads 1-40,text,true,,220,789,1,1,http://127.0.0.1:5000/profession,8,0,1
1710948527276,3,king,200,OK,50 threads 1-40,text,true,,208,156,1,1,http://127.0.0.1:5000/king?name=Georgiy&age=30&salary=10000,2,0,0
1710948527279,3,cool,200,OK,50 threads 1-40,text,true,,214,156,1,1,http://127.0.0.1:5000/cool?name=Georgiy&age=30&salary=10000,3,0,0
1710948527282,4,salary,200,OK,50 threads 1-40,text,true,,189,158,1,1,http://127.0.0.1:5000/salary?name=Georgiy&age=30&salary=10000,4,0,0
1710948527351,3,hello,200,OK,50 threads 1-41,text,true,,200,137,1,1,http://127.0.0.1:5000/hello?name=Georgiy,3,0,1
1710948527375,2,name,200,OK,50 threads 1-41,text,true,,204,143,1,1,http://127.0.0.1:5000/name?name=Georgiy&age=30,2,0,1
1710948527377,7,create,200,OK,50 threads 1-41,text,true,,210,805,1,1,http://127.0.0.1:5000/create,6,0,1
1710948527384,103,profession,200,OK,50 threads 1-41,text,true,,220,814,2,2,http://127.0.0.1:5000/profession,103,0,0
1710948527451,80,hello,200,OK,50 threads 1-42,text,true,,200,137,2,2,http://127.0.0.1:5000/hello?name=Georgiy,79,0,0
1710948527487,50,king,200,OK,50 threads 1-41,text,true,,208,156,2,2,http://127.0.0.1:5000/king?name=Georgiy&age=30&salary=10000,50,0,1
1710948527531,60,name,200,OK,50 threads 1-42,text,true,,204,143,3,3,http://127.0.0.1:5000/name?name=Georgiy&age=30,60,0,0
1710948527537,81,cool,200,OK,50 threads 1-41,text,true,,214,156,3,3,http://127.0.0.1:5000/cool?name=Georgiy&age=30&salary=10000,81,0,0
1710948527551,75,hello,200,OK,50 threads 1-43,text,true,,200,137,3,3,http://127.0.0.1:5000/hello?name=Georgiy,75,0,0
1710948527592,41,create,200,OK,50 threads 1-42,text,true,,210,775,3,3,http://127.0.0.1:5000/create,41,0,0
1710948527619,17,salary,200,OK,50 threads 1-41,text,true,,189,158,3,3,http://127.0.0.1:5000/salary?name=Georgiy&age=30&salary=10000,17,0,0
1710948527626,13,name,200,OK,50 threads 1-43,text,true,,204,143,2,2,http://127.0.0.1:5000/name?name=Georgiy&age=30,13,0,1
1710948527633,14,profession,200,OK,50 threads 1-42,text,true,,220,774,2,2,http://127.0.0.1:5000/profession,14,0,1
1710948527639,15,create,200,OK,50 threads 1-43,text,true,,210,790,3,3,http://127.0.0.1:5000/create,14,0,1
1710948527647,12,king,200,OK,50 threads 1-42,text,true,,208,156,3,3,http://127.0.0.1:5000/king?name=Georgiy&age=30&salary=10000,12,0,0
1710948527651,12,hello,200,OK,50 threads 1-44,text,true,,200,137,3,3,http://127.0.0.1:5000/hello?name=Georgiy,12,0,0
1710948527654,15,profession,200,OK,50 threads 1-43,text,true,,220,764,3,3,http://127.0.0.1:5000/profession,15,0,0
1710948527659,15,cool,200,OK,50 threads 1-42,text,true,,214,156,3,3,http://127.0.0.1:5000/cool?name=Georgiy&age=30&salary=10000,15,0,1
1710948527663,17,name,200,OK,50 threads 1-44,text,true,,204,143,3,3,http://127.0.0.1:5000/name?name=Georgiy&age=30,17,0,1
1710948527669,26,king,200,OK,50 threads 1-43,text,true,,208,156,3,3,http://127.0.0.1:5000/king?name=Georgiy&age=30&salary=10000,26,0,1
1710948527674,32,salary,200,OK,50 threads 1-42,text,true,,189,158,3,3,http://127.0.0.1:5000/salary?name=Georgiy&age=30&salary=10000,32,0,1
1710948527680,40,create,200,OK,50 threads 1-44,text,true,,210,765,2,2,http://127.0.0.1:5000/create,40,0,1
1710948527695,32,cool,200,OK,50 threads 1-43,text,true,,214,156,2,2,http://127.0.0.1:5000/cool?name=Georgiy&age=30&salary=10000,31,0,0
1710948527720,11,profession,200,OK,50 threads 1-44,text,true,,220,809,2,2,http://127.0.0.1:5000/profession,11,0,1
1710948527727,10,salary,200,OK,50 threads 1-43,text,true,,189,158,2,2,http://127.0.0.1:5000/salary?name=Georgiy&age=30&salary=10000,10,0,0
1710948527732,5,king,200,OK,50 threads 1-44,text,true,,208,156,2,2,http://127.0.0.1:5000/king?name=Georgiy&age=30&salary=10000,5,0,0
1710948527737,8,cool,200,OK,50 threads 1-44,text,true,,214,156,1,1,http://127.0.0.1:5000/cool?name=Georgiy&age=30&salary=10000,8,0,1
1710948527745,9,salary,200,OK,50 threads 1-44,text,true,,189,158,2,2,http://127.0.0.1:5000/salary?name=Georgiy&age=30&salary=10000,9,0,1
1710948527751,7,hello,200,OK,50 threads 1-45,text,true,,200,137,1,1,http://127.0.0.1:5000/hello?name=Georgiy,7,0,1
1710948527758,8,name,200,OK,50 threads 1-45,text,true,,204,143,1,1,http://127.0.0.1:5000/name?name=Georgiy&age=30,8,0,1
1710948527766,8,create,200,OK,50 threads 1-45,text,true,,210,760,1,1,http://127.0.0.1:5000/create,8,0,1
1710948527774,4,profession,200,OK,50 threads 1-45,text,true,,220,769,1,1,http://127.0.0.1:5000/profession,4,0,1
1710948527778,16,king,200,OK,50 threads 1-45,text,true,,208,156,1,1,http://127.0.0.1:5000/king?name=Georgiy&age=30&salary=10000,16,0,1
1710948527794,4,cool,200,OK,50 threads 1-45,text,true,,214,156,1,1,http://127.0.0.1:5000/cool?name=Georgiy&age=30&salary=10000,4,0,1
1710948527798,4,salary,200,OK,50 threads 1-45,text,true,,189,158,1,1,http://127.0.0.1:5000/salary?name=Georgiy&age=30&salary=10000,4,0,1
1710948527851,2,hello,200,OK,50 threads 1-46,text,true,,200,137,1,1,http://127.0.0.1:5000/hello?name=Georgiy,2,0,0
1710948527883,7,name,200,OK,50 threads 1-46,text,true,,204,143,1,1,http://127.0.0.1:5000/name?name=Georgiy&age=30,7,0,1
1710948527890,9,create,200,OK,50 threads 1-46,text,true,,210,795,1,1,http://127.0.0.1:5000/create,9,0,1
1710948527899,4,profession,200,OK,50 threads 1-46,text,true,,220,799,1,1,http://127.0.0.1:5000/profession,4,0,0
1710948527903,5,king,200,OK,50 threads 1-46,text,true,,208,156,1,1,http://127.0.0.1:5000/king?name=Georgiy&age=30&salary=10000,5,0,1
1710948527908,6,cool,200,OK,50 threads 1-46,text,true,,214,156,1,1,http://127.0.0.1:5000/cool?name=Georgiy&age=30&salary=10000,6,0,0
1710948527914,4,salary,200,OK,50 threads 1-46,text,true,,189,158,1,1,http://127.0.0.1:5000/salary?name=Georgiy&age=30&salary=10000,4,0,1
1710948527951,10,hello,200,OK,50 threads 1-47,text,true,,200,137,1,1,http://127.0.0.1:5000/hello?name=Georgiy,10,0,1
1710948527961,3,name,200,OK,50 threads 1-47,text,true,,204,143,1,1,http://127.0.0.1:5000/name?name=Georgiy&age=30,3,0,1
1710948527964,9,create,200,OK,50 threads 1-47,text,true,,210,770,1,1,http://127.0.0.1:5000/create,8,0,1
1710948527973,5,profession,200,OK,50 threads 1-47,text,true,,220,769,1,1,http://127.0.0.1:5000/profession,5,0,0
1710948527978,3,king,200,OK,50 threads 1-47,text,true,,208,156,1,1,http://127.0.0.1:5000/king?name=Georgiy&age=30&salary=10000,3,0,1
1710948527981,29,cool,200,OK,50 threads 1-47,text,true,,214,156,1,1,http://127.0.0.1:5000/cool?name=Georgiy&age=30&salary=10000,29,0,1
1710948528010,8,salary,200,OK,50 threads 1-47,text,true,,189,158,1,1,http://127.0.0.1:5000/salary?name=Georgiy&age=30&salary=10000,8,0,1
1710948528051,13,hello,200,OK,50 threads 1-48,text,true,,200,137,1,1,http://127.0.0.1:5000/hello?name=Georgiy,13,0,1
1710948528064,6,name,200,OK,50 threads 1-48,text,true,,204,143,1,1,http://127.0.0.1:5000/name?name=Georgiy&age=30,6,0,0
1710948528070,11,create,200,OK,50 threads 1-48,text,true,,210,790,1,1,http://127.0.0.1:5000/create,11,0,1
1710948528081,10,profession,200,OK,50 threads 1-48,text,true,,220,789,1,1,http://127.0.0.1:5000/profession,10,0,1
1710948528091,8,king,200,OK,50 threads 1-48,text,true,,208,156,1,1,http://127.0.0.1:5000/king?name=Georgiy&age=30&salary=10000,8,0,1
1710948528099,3,cool,200,OK,50 threads 1-48,text,true,,214,156,1,1,http://127.0.0.1:5000/cool?name=Georgiy&age=30&salary=10000,3,0,0
1710948528103,19,salary,200,OK,50 threads 1-48,text,true,,189,158,1,1,http://127.0.0.1:5000/salary?name=Georgiy&age=30&salary=10000,19,0,0
1710948528151,10,hello,200,OK,50 threads 1-49,text,true,,200,137,1,1,http://127.0.0.1:5000/hello?name=Georgiy,10,0,1
1710948528161,3,name,200,OK,50 threads 1-49,text,true,,204,143,1,1,http://127.0.0.1:5000/name?name=Georgiy&age=30,3,0,1
1710948528164,12,create,200,OK,50 threads 1-49,text,true,,210,770,1,1,http://127.0.0.1:5000/create,12,0,1
1710948528176,14,profession,200,OK,50 threads 1-49,text,true,,220,769,1,1,http://127.0.0.1:5000/profession,14,0,1
1710948528190,4,king,200,OK,50 threads 1-49,text,true,,208,156,1,1,http://127.0.0.1:5000/king?name=Georgiy&age=30&salary=10000,4,0,0
1710948528194,4,cool,200,OK,50 threads 1-49,text,true,,214,156,1,1,http://127.0.0.1:5000/cool?name=Georgiy&age=30&salary=10000,4,0,1
1710948528198,3,salary,200,OK,50 threads 1-49,text,true,,189,158,1,1,http://127.0.0.1:5000/salary?name=Georgiy&age=30&salary=10000,3,0,1
1710948528252,94,hello,200,OK,50 threads 1-50,text,true,,200,137,1,1,http://127.0.0.1:5000/hello?name=Georgiy,94,0,1
1710948528346,103,name,200,OK,50 threads 1-50,text,true,,204,143,1,1,http://127.0.0.1:5000/name?name=Georgiy&age=30,103,0,1
1710948528449,11,create,200,OK,50 threads 1-50,text,true,,210,785,1,1,http://127.0.0.1:5000/create,11,0,1
1710948528460,20,profession,200,OK,50 threads 1-50,text,true,,220,779,1,1,http://127.0.0.1:5000/profession,20,0,1
1710948528480,5,king,200,OK,50 threads 1-50,text,true,,208,156,1,1,http://127.0.0.1:5000/king?name=Georgiy&age=30&salary=10000,5,0,1
1710948528485,6,cool,200,OK,50 threads 1-50,text,true,,214,156,1,1,http://127.0.0.1:5000/cool?name=Georgiy&age=30&salary=10000,6,0,1
1710948528491,5,salary,200,OK,50 threads 1-50,text,true,,189,158,1,1,http://127.0.0.1:5000/salary?name=Georgiy&age=30&salary=10000,5,0,1
